Centre_protocol,mask,positions
NORT_ARTIC_3,1.5%shared_6%MAF,"[7262, 14041, 14960, 18585, 18589, 18591, 18607, 18634, 18643, 18645, 18648, 18655, 18658, 18664, 18682, 21650, 23118, 24410, 25216, 25225, 25228, 25240, 25244, 25247, 25252, 25254, 25269, 25273, 25274, 25277, 25280, 25286, 25296, 25300, 25314, 25316, 25323, 25324, 25327, 25331, 25334, 25336, 25337, 25614]"
NORT_ARTIC_3,positions_in_over_20pct_masks,"[7262, 18585, 18589, 18591, 18607, 18634, 18655, 18664, 23118, 24410, 25225, 25228, 25240, 25244, 25247, 25252, 25254, 25273, 25274, 25277, 25280, 25286, 25296, 25316, 25323, 25324, 25327, 25331, 25334, 25336, 25337]"
NORT_ARTIC_4,1.5%shared_4%MAF,"[2832, 7252, 7262, 8835, 14030, 14033, 14041, 14062, 14101, 14960, 18585, 18589, 18591, 18594, 18596, 18603, 18607, 18634, 18637, 18643, 18645, 18648, 18655, 18658, 18664, 18671, 18682, 18684, 18685, 18688, 18692, 18696, 18699, 19077, 23040, 23118, 23466, 23472, 25247, 25254, 25273, 25277, 25286, 25296, 25300, 25308, 25312, 25314, 25316, 25323, 25324, 25327, 25331, 25334, 25336, 25337, 26270, 26577, 29371]"
NORT_ARTIC_4,positions_in_over_20pct_masks,"[2832, 7262, 14041, 14960, 18591, 18607, 18634, 18648, 18655, 18658, 18664, 18682, 18688, 25277, 25286, 25296, 25312, 25314, 25316, 25323, 25324, 25327, 25331, 25334, 25336, 25337, 26270, 26577]"
NORT_ARTIC_4.1,1.5%shared_4%MAF,"[2832, 4321, 7200, 7252, 7262, 7267, 8835, 10995, 13791, 14030, 14033, 14041, 14062, 14101, 14960, 15521, 18585, 18589, 18591, 18596, 18603, 18607, 18634, 18637, 18643, 18645, 18648, 18655, 18658, 18662, 18664, 18682, 18685, 18688, 18692, 18696, 18699, 18708, 19077, 22674, 22786, 22792, 23040, 23118, 23466, 23469, 23472, 25240, 25247, 25254, 25277, 25286, 25296, 25300, 25308, 25312, 25314, 25316, 25323, 25324, 25327, 25331, 25334, 25336, 25337, 26270, 26577, 29371]"
NORT_ARTIC_4.1,positions_in_over_20pct_masks,"[2832, 4321, 7252, 7262, 14041, 14960, 18591, 18607, 18634, 18648, 18655, 18658, 22674, 22786, 23040, 25277, 25286, 25296, 25314, 25316, 25323, 25324, 25327, 25331, 25334, 25336, 25337, 26270, 26577]"
NORW_ARTIC_4.1,1.5%shared_4%MAF,"[1499, 1510, 2278, 5647, 5648, 5743, 5744, 8829, 8835, 10970, 13481, 13693, 13786, 13791, 13998, 14000, 14013, 14030, 14033, 14041, 14057, 14062, 14078, 14092, 14101, 14113, 14559, 14960, 15338, 16920, 16925, 17144, 18591, 18607, 18634, 18637, 18643, 18645, 18648, 18655, 18658, 18664, 18682, 18688, 18825, 18827, 18833, 19065, 19077, 19209, 19210, 19212, 19214, 19217, 20004, 23040, 23048, 23118, 23466, 23472, 25247, 25254, 25259, 25273, 25277, 25286, 25291, 25296, 25300, 25308, 25312, 25314, 25316, 25323, 25324, 25327, 25331, 25334, 25336, 25337, 26270, 26577, 27384]"
NORW_ARTIC_4.1,positions_in_over_20pct_masks,"[2278, 8829, 8835, 13786, 13791, 14030, 14041, 14062, 14960, 17144, 18655, 18833, 23040, 23048, 25277, 25286, 25296, 25300, 25312, 25316, 25323, 25324, 25327, 25331, 25334, 25336, 25337, 26270, 26577]"
OXON_VeSeq,1.5%shared_3%MAF,"[357, 1072, 2530, 2949, 3769, 11075, 11083, 12100, 12112, 15009, 16740, 16960, 17083, 17545, 22135, 25202, 25532, 25627, 25628, 25807, 25949, 26289, 26650, 28253, 28469, 28886]"
OXON_VeSeq,positions_in_over_20pct_masks,"[1072, 2949, 25628, 25807, 25949, 28469]"
PHEC_ARTIC_3,1.5%shared_4%MAF,"[291, 295, 299, 301, 330, 635, 652, 661, 683, 2882, 2903, 3756, 5248, 5260, 6911, 7248, 7252, 7262, 8354, 10995, 10999, 11083, 12778, 13019, 13616, 14105, 14108, 14113, 15007, 15009, 15157, 15168, 15177, 15762, 17040, 17330, 17385, 17438, 18585, 20465, 21075, 21144, 21525, 21526, 21974, 21987, 23466, 24410, 25324, 25325, 25521, 25614, 26137, 26177, 26188, 26190, 26693, 26715, 26720, 27527, 28274, 28372, 28461, 28549, 28627, 29514, 29517, 29518]"
PHEC_ARTIC_3,positions_in_over_20pct_masks,"[3756, 5260, 7248, 8354, 14108, 14113, 15007, 21987, 24410, 29518]"
SANG_ARTIC_3,1.5%shared_5%MAF,"[508, 514, 544, 549, 635, 683, 1072, 1208, 1476, 1947, 2712, 2713, 2729, 2730, 2903, 3096, 3877, 4007, 4408, 5895, 6943, 6990, 9430, 9802, 10097, 10787, 11083, 11160, 11161, 11168, 11224, 13458, 13759, 13824, 15404, 15643, 16629, 16989, 17013, 18202, 19414, 20596, 20623, 20627, 20646, 20647, 20668, 21236, 21317, 22135, 22346, 22452, 22691, 23031, 23035, 23064, 24088, 24213, 25176, 25196, 25201, 25202, 25214, 25216, 25218, 25231, 25347, 25521, 25617, 26116, 26125, 26137, 26650, 26693, 26761, 27800, 28169, 28253, 28469, 29366, 29563]"
SANG_ARTIC_3,positions_in_over_20pct_masks,"[514, 635, 1476, 2712, 2729, 2730, 13824, 20668, 25201, 25202, 25214, 25216, 25218, 25231, 26125, 26137, 26761, 28253]"
SANG_ARTIC_4.1,1.5%shared_11%MAF,"[514, 1476, 1627, 1678, 1931, 2323, 2369, 2712, 2790, 3877, 4321, 5146, 6371, 6990, 7252, 7254, 7262, 7267, 9866, 11831, 12422, 15176, 15939, 17545, 18662, 18692, 18696, 18708, 18712, 18728, 18733, 18739, 18744, 18754, 18769, 19209, 19210, 19212, 19214, 19217, 20587, 22574, 22786, 23854, 25277, 25286, 25296, 25302, 25308, 25324, 25530, 25721, 26469, 26531, 27373, 28469, 29360]"
SANG_ARTIC_4.1,positions_in_over_20pct_masks,"[508, 514, 516, 517, 549, 562, 879, 1072, 1152, 1182, 1208, 1437, 1476, 1627, 1678, 1745, 1931, 2305, 2323, 2351, 2363, 2369, 2374, 2712, 2713, 2790, 3307, 3877, 3918, 4204, 4226, 4321, 4502, 5129, 5145, 5146, 6371, 6936, 6941, 6960, 6961, 6990, 7248, 7252, 7254, 7262, 7267, 7877, 7898, 8826, 9144, 9155, 9156, 9167, 9866, 10028, 10049, 10306, 10896, 10910, 11199, 11224, 11520, 11546, 11831, 12422, 12792, 13375, 13768, 14237, 14266, 14278, 15098, 15176, 15186, 15220, 15763, 15796, 15939, 16905, 17187, 17545, 18466, 18658, 18662, 18674, 18682, 18692, 18696, 18701, 18708, 18712, 18715, 18719, 18728, 18733, 18739, 18744, 18754, 18762, 18766, 18769, 19209, 19210, 19212, 19214, 19217, 19367, 19683, 19718, 19985, 20290, 20305, 20587, 20596, 21180, 22290, 22299, 22574, 22592, 22786, 23173, 23854, 24020, 24070, 24072, 24676, 24923, 25274, 25277, 25280, 25284, 25286, 25289, 25294, 25296, 25302, 25305, 25308, 25314, 25324, 25331, 25525, 25529, 25530, 25532, 25807, 25836, 25842, 25867, 26205, 26206, 26456, 26469, 26478, 26531, 26772, 27373, 27931, 28469, 28734, 28755, 28772, 29359, 29360]"
