position in MN908947.3,base in MN908947.3,A count,C count,G count,T count,gap count,N count
1,A,0,0,0,0,0,0
2,T,0,0,0,0,0,0
3,T,0,0,0,0,0,0
4,A,0,0,0,0,0,0
5,A,0,0,0,0,0,0
6,A,0,0,0,0,0,0
7,G,0,0,0,0,0,0
8,G,0,0,0,0,0,0
9,T,0,0,0,0,0,0
10,T,0,0,0,0,0,0
11,T,0,0,0,0,0,0
12,A,0,0,0,0,0,0
13,T,0,0,0,0,0,0
14,A,0,0,0,0,0,0
15,C,0,0,0,0,0,0
16,C,0,0,0,0,0,0
17,T,0,0,0,0,0,0
18,T,0,0,0,0,0,0
19,C,0,0,0,0,0,0
20,C,0,0,0,0,0,0
21,C,0,0,0,0,0,0
22,A,0,0,0,0,0,0
23,G,0,0,0,0,0,0
24,G,0,0,0,0,0,0
25,T,1,0,0,0,0,0
26,A,482,0,1,0,0,0
27,A,481,0,0,0,0,0
28,C,0,483,0,0,0,0
29,A,483,0,0,0,0,0
30,A,483,0,0,0,0,0
31,A,483,0,0,0,0,0
32,C,0,483,0,0,0,0
33,C,0,483,0,0,0,0
34,A,483,0,0,0,0,0
35,A,483,0,0,0,0,0
36,C,0,483,0,0,0,0
37,C,0,483,0,0,0,0
38,A,483,0,0,0,0,0
39,A,483,0,0,0,0,0
40,C,2,481,0,0,0,0
41,T,2,0,0,481,0,0
42,T,0,0,1,482,0,0
43,T,0,0,0,483,0,0
44,C,1,482,0,0,0,0
45,G,1,0,481,1,0,0
46,A,483,0,0,0,0,0
47,T,1,0,0,482,0,0
48,C,1,482,0,0,0,0
49,T,0,0,0,483,0,0
50,C,0,483,0,0,0,0